5100,ABANCAY,APURIMAC,8349919,SUR GRANDE SIERRA ORIENTE - APU CUS PUNO MD,Promed,541,030101
6210,ACOBAMBA,HUANCAVELICA,8350040,SIERRA CENTRAL,Promed,686,090201
5310,ACOMAYO,CUZCO,8350892,SUR GRANDE SIERRA ORIENTE - APU CUS PUNO MD,Promed,470,080201
5701,ALTO DE LA ALIANZA,TACNA,8349664,SUR GRANDE COSTA - AREQUIPA MOQ TACNA,Promed,9,230102
7102,ALTO NANAY,LORETO,8350684,SELVA,Promed,1827,160102
5201,ALTO SELVA ALEGRE,AREQUIPA,8350803,SUR GRANDE COSTA - AREQUIPA MOQ TACNA,Promed,87,040102
6301,AMARILIS,HUANUCO,8351129,SIERRA CENTRAL,Promed,1032,100102
9199,CHACHAPOYAS ( RESTO PROV. ),AMAZONAS,3699699,NORTE GRANDE B - LAMB CAJA AMAZO,Promed,1636,010101
9100,CHACHAPOYAS ( CIUDAD ),AMAZONAS,3699699,NORTE GRANDE B - LAMB CAJA AMAZO,Promed,1636,010101
9150,RODRIGUEZ DE MENDOZA,AMAZONAS,3699699,NORTE GRANDE B - LAMB CAJA AMAZO,Promed,1266,020702
9130,CONDORCANQUI,AMAZONAS,3699699,NORTE GRANDE B - LAMB CAJA AMAZO,Promed,1782,010401
9160,UTCUBAMBA,AMAZONAS,3699699,NORTE GRANDE B - LAMB CAJA AMAZO,Promed,387,010701
9120,BONGARA,AMAZONAS,3699699,NORTE GRANDE B - LAMB CAJA AMAZO,Promed,1705,010301
9110,BAGUA,AMAZONAS,3699699,NORTE GRANDE B - LAMB CAJA AMAZO,Promed,1714,010201
9140,LUYA,|,3699699,NORTE GRANDE B - LAMB CAJA AMAZO,Promed,1651,010509
6310,AMBO,HUANUCO,8350198,SIERRA CENTRAL,Promed,1009,100201
8119,HUARMEY ( RESTO PROV. ),ANCASH,3699674,NORTE CHICO,Promed,1045,021101
8129,HUAYLAS ( RESTO PROV. ),ANCASH,3699674,NORTE CHICO,Promed,1271,021204
8198,YUNGAY ( RESTO PROV. ),ANCASH,3699674,NORTE CHICO,Promed,1252,022001
8199,HUARAZ ( RESTO PROV. ),ANCASH,3699674,NORTE CHICO,Promed,1177,020101
8179,CASMA ( RESTO PROV. ),ANCASH,3699674,NORTE CHICO,Promed,1218,020801
8115,HUARMEY ( CIUDAD ),ANCASH,3699674,NORTE CHICO,Promed,1045,021101
8135,MARISCAL LUZURIAGA,ANCASH,3699674,NORTE CHICO,Promed,1276,021301
8100,HUARAZ ( CIUDAD ),ANCASH,3699674,NORTE CHICO,Promed,1177,020101
8160,C. F. FITZCARRALD,ANCASH,3699674,NORTE CHICO,Promed,1074,170202
8195,YUNGAY ( CIUDAD ),ANCASH,3699674,NORTE CHICO,Promed,1252,022001
8120,ANTONIO RAIMONDI,ANCASH,3699674,NORTE CHICO,Promed,1250,020301
8170,CASMA ( CIUDAD ),ANCASH,3699674,NORTE CHICO,Promed,1218,020801
8140,BOLOGNESI,ANCASH,3699674,NORTE CHICO,Promed,1324,021502
8165,POMABAMBA,ANCASH,3699674,NORTE CHICO,Promed,1285,021601
8130,ASUNCION,ANCASH,3699674,NORTE CHICO,Promed,1425,060102
8155,PALLASCA,ANCASH,3699674,NORTE CHICO,Promed,1332,021508
8150,CARHUAZ,ANCASH,3699674,NORTE CHICO,Promed,1219,020601
8180,CORONGO,ANCASH,3699674,NORTE CHICO,Promed,1303,020901
8175,RECUAY,ANCASH,3699674,NORTE CHICO,Promed,1157,021701
8185,SIHUAS,ANCASH,3699674,NORTE CHICO,Promed,1300,021901
8125,CARAZ,ANCASH,3699674,NORTE CHICO,Promed,1260,021201
8145,OCROS,ANCASH,3699674,NORTE CHICO,Promed,605,050106
8190,HUARI,ANCASH,3699674,NORTE CHICO,Promed,1224,021001
8110,AIJA,ANCASH,3699674,NORTE CHICO,Promed,1148,020201
200,ANCON,ANCON,8350184,LIMA PERIFERICA,Promed,947,150102
5110,ANDAHUAYLAS,APURIMAC,8349839,SUR GRANDE SIERRA ORIENTE - APU CUS PUNO MD,Promed,524,030201
5320,ANTA,CUZCO,8349925,SUR GRANDE SIERRA ORIENTE - APU CUS PUNO MD,Promed,590,080301
5120,ANTABAMBA,APURIMAC,8349678,SUR GRANDE SIERRA ORIENTE - APU CUS PUNO MD,Promed,293,030301
5299,AREQUIPA ( RESTO PROV. ),AREQUIPA,3947319,SUR GRANDE COSTA - AREQUIPA MOQ TACNA,Promed,74,040101
5200,AREQUIPA ( CERCADO ),AREQUIPA,8350798,SUR GRANDE COSTA - AREQUIPA MOQ TACNA,Promed,74,040101
2135,ASCOPE,LA LIBERTAD,8349559,NORTE MEDIO - LA LIBERTAD ANCASH (CHIMB),Promed,1402,130201
7310,ATALAYA,UCAYALI,8349580,SELVA,Promed,1003,250201
102,INDUSTRIAL - VULCANO,ATE VITARTE,8351064,LIMA PERIFERICA,Promed,852,150103
100,VALDIVIEZO,ATE VITARTE,8351064,LIMA PERIFERICA,Promed,852,150103
101,SALAMANCA,ATE VITARTE,8351064,LIMA PERIFERICA,Promed,852,150103
104,VITARTE,ATE VITARTE,8351064,LIMA PERIFERICA,Promed,852,150103
105,HUAYCAN,ATE VITARTE,8351064,LIMA PERIFERICA,Promed,852,150103
103,CERES,ATE VITARTE,8351064,LIMA PERIFERICA,Promed,852,150103
1110,AYABACA,PIURA,8350656,NORTE GRANDE A - TUMBES Y PIURA,Promed,1781,200201
6100,AYACUCHO ( CIUDAD ),AYACUCHO,3947018,SIERRA CENTRAL,Promed,645,050101
5610,AZANGARO,PUNO,8349757,SUR GRANDE SIERRA ORIENTE - APU CUS PUNO MD,Promed,252,210201
8200,BARRANCA ( CIUDAD ),NORTE CHICO-LIMA,8349564,NORTE CHICO,Promed,1134,150201
3202,MUNICIPALIDAD,BARRANCO,8351030,LIMA CENTRAL,Promed,794,150104
3200,TEJADA ALTA,BARRANCO,8351030,LIMA CENTRAL,Promed,794,150104
3201,SAN LUIS,BARRANCO,8351030,LIMA CENTRAL,Promed,794,150104
7110,BELEN,LORETO,8350673,SELVA,Promed,485,050902
3408,CIUDAD DEL PESCADOR,BELLAVISTA,8350144,LIMA CENTRAL,Promed,397,060802
3407,SAN ANTONIO,BELLAVISTA,8350144,LIMA CENTRAL,Promed,397,060802
3409,SAN JOSE,BELLAVISTA,8350144,LIMA CENTRAL,Promed,397,060802
7210,BELLAVISTA,SAN MARTIN,8351279,SELVA,Promed,397,060802
2120,BOLIVAR,LA LIBERTAD,8350298,NORTE MEDIO - LA LIBERTAD ANCASH (CHIMB),Promed,1450,130301
3301,CHACRA COLORADA,BREÑA,8350145,LIMA CENTRAL,Promed,832,150105
3303,ESMERALDA,BREÑA,8350145,LIMA CENTRAL,Promed,832,150105
3302,AZCONA,BREÑA,8350145,LIMA CENTRAL,Promed,832,150105
3300,BREÑA,BREÑA,8350145,LIMA CENTRAL,Promed,832,150105
2201,CACERES DEL PERU,ANCASH (PROVINCIA SANTA),8350348,NORTE MEDIO - LA LIBERTAD ANCASH (CHIMB),Promed,1270,021802
9210,CAJABAMBA,CAJAMARCA,8350426,NORTE GRANDE B - LAMB CAJA AMAZO,Promed,1397,060201
9299,CAJAMARCA ( RESTO PROV. ),CAJAMARCA,3699087,NORTE GRANDE B - LAMB CAJA AMAZO,Promed,1479,060101
9200,CAJAMARCA ( CIUDAD ),CAJAMARCA,3699087,NORTE GRANDE B - LAMB CAJA AMAZO,Promed,1479,060101
8210,CAJATAMBO,NORTE CHICO-LIMA,8350181,NORTE CHICO,Promed,983,150301
5702,CALANA,TACNA,8350455,SUR GRANDE COSTA - AREQUIPA MOQ TACNA,Promed,3,230103
5330,CALCA,CUZCO,8349935,SUR GRANDE SIERRA ORIENTE - APU CUS PUNO MD,Promed,623,080401
3406,MARQUEZ - AEROPUERTO,CALLAO,3946080,LIMA CENTRAL,Promed,865,070101
3405,SATELITE SANTA ROSA,CALLAO,3946080,LIMA CENTRAL,Promed,865,070101
3401,CENTENARIO,CALLAO,3946080,LIMA CENTRAL,Promed,865,070101
3403,SANTA ROSA,CALLAO,3946080,LIMA CENTRAL,Promed,865,070101
3404,BOCANEGRA,CALLAO,3946080,LIMA CENTRAL,Promed,865,070101
3400,CHUCUITO,CALLAO,3946080,LIMA CENTRAL,Promed,865,070101
3402,GAMBETTA,CALLAO,3946080,LIMA CENTRAL,Promed,865,070101
7300,PUCALLPA,UCAYALI,8350477,SELVA,Promed,1427,250101
5290,CAMANA,AREQUIPA,8350695,SUR GRANDE COSTA - AREQUIPA MOQ TACNA,Promed,44,040201
7301,CAMPOVERDE,UCAYALI,8350381,SELVA,Promed,1329,250102
5710,CANDARAVE,TACNA,8349578,SUR GRANDE COSTA - AREQUIPA MOQ TACNA,Promed,35,230201
6110,CANGALLO,AYACUCHO,8349847,SIERRA CENTRAL,Promed,553,050201
8299,CANTA ( RESTO PROV. ),NORTE CHICO-LIMA,8350238,NORTE CHICO,Promed,1060,150401
8220,CANTA ( CIUDAD ),NORTE CHICO-LIMA,8350238,NORTE CHICO,Promed,1060,150401
501,RAUL PORRAS BARRENECHEA,CARABAYLLO,8349967,LIMA PERIFERICA,Promed,933,150106
500,SANTA ISABEL,CARABAYLLO,8349967,LIMA PERIFERICA,Promed,933,150106
502,PROGRESO,CARABAYLLO,8349967,LIMA PERIFERICA,Promed,933,150106
5230,CARAVELI,AREQUIPA,8349608,SUR GRANDE COSTA - AREQUIPA MOQ TACNA,Promed,127,040301
6403,CARHUACALLANGA,JUNIN,8350900,SIERRA CENTRAL,Promed,754,120104
3410,CARMEN DE LA LEGUA,CARMEN DE LA LEGUA,8350149,LIMA CENTRAL,Promed,841,070103
5240,CASTILLA,AREQUIPA,8350622,SUR GRANDE COSTA - AREQUIPA MOQ TACNA,Promed,1744,200104
1101,CASTILLA,PIURA,8350622,NORTE GRANDE A - TUMBES Y PIURA,Promed,1744,200104
6230,CASTROVIRREYNA,HUANCAVELICA,8350037,SIERRA CENTRAL,Promed,680,090401
1102,CATACAOS,PIURA,8350411,NORTE GRANDE A - TUMBES Y PIURA,Promed,1731,200105
9315,CAYALTI,LAMBAYEQUE,8350153,NORTE GRANDE B - LAMB CAJA AMAZO,Promed,1495,140116
5250,CAYLLOMA,AREQUIPA,8349727,SUR GRANDE COSTA - AREQUIPA MOQ TACNA,Promed,243,040505
5202,CAYMA,AREQUIPA,8350505,SUR GRANDE COSTA - AREQUIPA MOQ TACNA,Promed,98,040103
5301,CCORCA,CUZCO,8349921,SUR GRANDE SIERRA ORIENTE - APU CUS PUNO MD,Promed,544,080102
9220,CELENDIN,CAJAMARCA,8350525,NORTE GRANDE B - LAMB CAJA AMAZO,Promed,1539,060301
5203,CERRO COLORADO,AREQUIPA,8349912,SUR GRANDE COSTA - AREQUIPA MOQ TACNA,Promed,95,040104
6404,CHACAPAMPA,JUNIN,8350090,SIERRA CENTRAL,Promed,758,120105
401,CHACLACAYO,CHACLACAYO,8350885,LIMA PERIFERICA,Promed,859,150107
402,�A�A,CHACLACAYO,8350885,LIMA PERIFERICA,Promed,859,150107
8231,CHANCAY,NORTE CHICO-LIMA,3944397,NORTE CHICO,Promed,1062,150605
6699,CHANCHAMAYO ( RESTO PROV.),JUNIN,3944390,SIERRA CENTRAL,Promed,1114,120301
6600,CHANCHAMAYO ( CIUDAD ),JUNIN,3944390,SIERRA CENTRAL,Promed,1114,120301
5213,CHARACATO,AREQUIPA,8349730,SUR GRANDE COSTA - AREQUIPA MOQ TACNA,Promed,70,040105
2130,CHEPEN,LA LIBERTAD,8349560,NORTE MEDIO - LA LIBERTAD ANCASH (CHIMB),Promed,1442,130401
6405,CHICCHE,JUNIN,8351010,SIERRA CENTRAL,Promed,769,120106
4301,CHICLA,SUR CHICO-LIMA,8350185,SUR CHICO,Promed,948,150705
9399,CHICLAYO ( RESTO PROV. ),LAMBAYEQUE,8351210,NORTE GRANDE B - LAMB CAJA AMAZO,Promed,1507,140101
9300,CHICLAYO ( CIUDAD ),LAMBAYEQUE,8351210,NORTE GRANDE B - LAMB CAJA AMAZO,Promed,1507,140101
5214,CHIGUATA,AREQUIPA,8350802,SUR GRANDE COSTA - AREQUIPA MOQ TACNA,Promed,86,040106
6401,CHILCA,JUNIN,8350094,SIERRA CENTRAL,Promed,766,150505
4201,CHILCA,SUR CHICO-LIMA,8350094,SUR CHICO,Promed,766,150505
2200,CHIMBOTE,ANCASH (PROVINCIA SANTA),8350321,NORTE MEDIO - LA LIBERTAD ANCASH (CHIMB),Promed,1288,021801
4150,CHINCHA,ICA,8349988,SUR CHICO,Promed,616,110201
5150,CHINCHEROS,APURIMAC,8349550,SUR GRANDE SIERRA ORIENTE - APU CUS PUNO MD,Promed,571,030601
6406,CHONGOS ALTO,JUNIN,8350091,SIERRA CENTRAL,Promed,760,120108
9303,CHONGOYAPE,LAMBAYEQUE,8350535,NORTE GRANDE B - LAMB CAJA AMAZO,Promed,1563,140102
3203,PANTANOS DE VILLA,CHORRILLOS,8350125,LIMA CENTRAL,Promed,791,150108
3204,LAURELES,CHORRILLOS,8350125,LIMA CENTRAL,Promed,791,150108
3205,SAN JUAN,CHORRILLOS,8350125,LIMA CENTRAL,Promed,791,150108
3206,CAMPIÑA,CHORRILLOS,8350125,LIMA CENTRAL,Promed,791,150108
9230,CHOTA,CAJAMARCA,8351329,NORTE GRANDE B - LAMB CAJA AMAZO,Promed,1573,060401
5630,CHUCUITO,PUNO,8349733,SUR GRANDE SIERRA ORIENTE - APU CUS PUNO MD,Promed,114,210106
6430,CHUPACA,JUNIN,3943187,SIERRA CENTRAL,Promed,835,120901
6407,CHUPURO,JUNIN,8351028,SIERRA CENTRAL,Promed,790,120111
6240,CHURCAMPA,HUANCAVELICA,8350064,SIERRA CENTRAL,Promed,708,090501
400,CIENEGUILLA,CIENEGUILLA,8351063,LIMA PERIFERICA,Promed,848,150109
5703,CIUDAD NUEVA,TACNA,8349661,SUR GRANDE COSTA - AREQUIPA MOQ TACNA,Promed,6,230104
2202,COISHCO,ANCASH (PROVINCIA SANTA),8351179,NORTE MEDIO - LA LIBERTAD ANCASH (CHIMB),Promed,1249,021803
6408,COLCA,JUNIN,8349885,SIERRA CENTRAL,Promed,512,051007
505,RETABLO - SAN AGUSTIN,COMAS,8350236,LIMA PERIFERICA,Promed,880,150110
503,STA.. LUZMILA,COMAS,8350236,LIMA PERIFERICA,Promed,880,150110
507,SAN FELIPE,COMAS,8350236,LIMA PERIFERICA,Promed,880,150110
506,COLLIQUE,COMAS,8350236,LIMA PERIFERICA,Promed,880,150110
508,LITIGIO,COMAS,8350236,LIMA PERIFERICA,Promed,880,150110
504,CERROS,COMAS,8350236,LIMA PERIFERICA,Promed,880,150110
6490,CONCEPCION,JUNIN,8350931,SIERRA CENTRAL,Promed,569,051104
9240,CONTUMAZA,CAJAMARCA,8350228,NORTE GRANDE B - LAMB CAJA AMAZO,Promed,1432,060501
5709,CORONEL GREGORIO ALBARRACIN LA,TACNA,8350450,SUR GRANDE COSTA - AREQUIPA MOQ TACNA,Promed,1,230110
5140,COTABAMBAS,APURIMAC,8350792,SUR GRANDE SIERRA ORIENTE - APU CUS PUNO MD,Promed,516,030502
6409,CULLHUAS,JUNIN,8351022,SIERRA CENTRAL,Promed,783,120113
1103,CURA MORI,PIURA,8350388,NORTE GRANDE A - TUMBES Y PIURA,Promed,403,200107
5399,CUZCO ( RESTO PROV. ),CUZCO,3941583,SUR GRANDE SIERRA ORIENTE - APU CUS PUNO MD,Promed,577,080101
5300,CUZCO ( CIUDAD ),CUZCO,3941583,SUR GRANDE SIERRA ORIENTE - APU CUS PUNO MD,Promed,577,080101
5350,CANCHIS,CUZCO,3941583,SUR GRANDE SIERRA ORIENTE - APU CUS PUNO MD,Promed,577,080101
9250,CUTERVO,CAJAMARCA,8350559,NORTE GRANDE B - LAMB CAJA AMAZO,Promed,1621,060601
702,HOSPITAL HIPOLITO UNANUE,EL AGUSTINO,8351061,LIMA PERIFERICA,Promed,846,150111
701,EL AGUSTINO,EL AGUSTINO,8351061,LIMA PERIFERICA,Promed,846,150111
703,HUANCAYO,EL AGUSTINO,8351061,LIMA PERIFERICA,Promed,846,150111
700,SANTOYO,EL AGUSTINO,8351061,LIMA PERIFERICA,Promed,846,150111
5640,EL COLLAO,PUNO,8349570,SUR GRANDE SIERRA ORIENTE - APU CUS PUNO MD,Promed,110,210501
7220,EL DORADO,SAN MARTIN,8349575,SELVA,Promed,1555,220301
2101,EL PORVENIR,LA LIBERTAD,8350573,NORTE MEDIO - LA LIBERTAD ANCASH (CHIMB),Promed,1359,130102
1104,EL TALLAN,PIURA,8349657,NORTE GRANDE A - TUMBES Y PIURA,Promed,396,200108
6402,EL TAMBO,JUNIN,8349865,SIERRA CENTRAL,Promed,887,120114
5370,ESPINAR,CUZCO,8349758,SUR GRANDE SIERRA ORIENTE - APU CUS PUNO MD,Promed,253,080801
9304,ETEN,LAMBAYEQUE,8351277,NORTE GRANDE B - LAMB CAJA AMAZO,Promed,1480,140103
9305,ETEN PUERTO,LAMBAYEQUE,8351271,NORTE GRANDE B - LAMB CAJA AMAZO,Promed,1473,140104
7103,FERNANDO LORES,LORETO,8351415,SELVA,Promed,1798,160103
9330,FERRE?AFE,LAMBAYEQUE,8350693,NORTE GRANDE B - LAMB CAJA AMAZO,Promed,1547,140201
2103,FLORENCIA DE MORA,LA LIBERTAD,8350772,NORTE MEDIO - LA LIBERTAD ANCASH (CHIMB),Promed,1347,130103
2140,GRAN CHIMU,LA LIBERTAD,8349562,NORTE MEDIO - LA LIBERTAD ANCASH (CHIMB),Promed,1409,131101
6330,HUACAYBAMBA,HUANUCO,8349555,SIERRA CENTRAL,Promed,1274,100401
8240,HUACHO,NORTE CHICO-LIMA,8350256,NORTE CHICO,Promed,1092,150801
6410,HUACRAPUQUIO,JUNIN,8351027,SIERRA CENTRAL,Promed,789,120116
9260,HUALGAYOC,CAJAMARCA,8351300,NORTE GRANDE B - LAMB CAJA AMAZO,Promed,1527,060703
6411,HUALHUAS,JUNIN,8350967,SIERRA CENTRAL,Promed,863,120117
7230,HUALLAGA,SAN MARTIN,8350486,SELVA,Promed,1448,220204
8241,HUALMAY,NORTE CHICO-LIMA,8350394,NORTE CHICO,Promed,1095,150805
1120,HUANCABAMBA,PIURA,8350208,NORTE GRANDE A - TUMBES Y PIURA,Promed,999,190303
6412,HUANCAN,JUNIN,8351003,SIERRA CENTRAL,Promed,810,120119
5650,HUANCANE,PUNO,8349683,SUR GRANDE SIERRA ORIENTE - APU CUS PUNO MD,Promed,212,210601
6200,HUANCAVELICA,HUANCAVELICA,3939467,SIERRA CENTRAL,Promed,693,090101
6499,HUANCAYO ( RESTO PROV. ),JUNIN,8350159,SIERRA CENTRAL,Promed,875,120101
6400,HUANCAYO ( CIUDAD ),JUNIN,8350159,SIERRA CENTRAL,Promed,875,120101
2104,HUANCHACO,LA LIBERTAD,8350117,NORTE MEDIO - LA LIBERTAD ANCASH (CHIMB),Promed,1370,130104
6130,HUANTA,AYACUCHO,8350060,SIERRA CENTRAL,Promed,703,050401
6399,HUANUCO ( RESTO PROV. ),HUANUCO,8351133,SIERRA CENTRAL,Promed,1039,100101
6300,HUANUCO ( CIUDAD ),HUANUCO,8351133,SIERRA CENTRAL,Promed,1039,100101
8239,HUARAL ( RESTO PROV. ),NORTE CHICO-LIMA,8350222,NORTE CHICO,Promed,1082,150601
8230,HUARAL ( CIUDAD ),NORTE CHICO-LIMA,8350222,NORTE CHICO,Promed,1082,150601
4399,HUAROCHIRI ( RESTO PROV. ),SUR CHICO-LIMA,8349862,SUR CHICO,Promed,883,150709
6413,HUASICANCHA,JUNIN,8351006,SIERRA CENTRAL,Promed,757,120120
8249,HUAURA ( RESTO PROV. ),NORTE CHICO-LIMA,8349565,NORTE CHICO,Promed,1111,150806
8242,HUAURA ( CIUDAD ),NORTE CHICO-LIMA,8349565,NORTE CHICO,Promed,1111,150806
6250,HUAYTARA,HUANCAVELICA,8349554,SIERRA CENTRAL,Promed,550,090601
6414,HUAYUCACHI,JUNIN,8350911,SIERRA CENTRAL,Promed,798,120121
4199,ICA ( RESTO PROV. ),ICA,3938526,SUR CHICO,Promed,417,110101
4100,ICA ( CIUDAD ),ICA,3938526,SUR CHICO,Promed,417,110101
5520,ILO,MOQUEGUA,8349663,SUR GRANDE COSTA - AREQUIPA MOQ TACNA,Promed,8,180301
4202,IMPERIAL,SUR CHICO-LIMA,8350974,SUR CHICO,Promed,661,150507
5704,INCLAN,TACNA,8349669,SUR GRANDE COSTA - AREQUIPA MOQ TACNA,Promed,14,230105
512,IND. PAN.NORTE,INDEPENDENCIA,8349621,LIMA PERIFERICA,Promed,466,051106
510,INDEPENDENCIA,INDEPENDENCIA,8349621,LIMA PERIFERICA,Promed,466,051106
509,TAHUANTISUYO,INDEPENDENCIA,8349621,LIMA PERIFERICA,Promed,466,051106
511,EL ERMITAÑO,INDEPENDENCIA,8349621,LIMA PERIFERICA,Promed,466,051106
7104,INDIANA,LORETO,8350638,SELVA,Promed,1815,160104
6415,INGENIO,JUNIN,8351079,SIERRA CENTRAL,Promed,905,120122
7302,IPARIA,UCAYALI,8350355,SELVA,Promed,1280,250103
7100,IQUITOS,LORETO,8350666,SELVA,Promed,1800,160101
5270,ISLAY,AREQUIPA,8349629,SUR GRANDE COSTA - AREQUIPA MOQ TACNA,Promed,36,040704
5204,HUNTER,AREQUIPA,8350777,SUR GRANDE COSTA - AREQUIPA MOQ TACNA,Promed,64,040107
9279,JAEN ( RESTO PROV. ),CAJAMARCA,8349822,NORTE GRANDE B - LAMB CAJA AMAZO,Promed,388,060801
9270,JAEN ( CIUDAD ),CAJAMARCA,8349822,NORTE GRANDE B - LAMB CAJA AMAZO,Promed,388,060801
6449,JAUJA ( RESTO PROV. ),JUNIN,8350871,SIERRA CENTRAL,Promed,918,120401
6440,JAUJA ( CIUDAD ),JUNIN,8350871,SIERRA CENTRAL,Promed,918,120401
3308,CAMPO DE MARTE,JESUS MARIA,3937643,LIMA CENTRAL,Promed,821,150113
3304,SAN FELIPE,JESUS MARIA,3937643,LIMA CENTRAL,Promed,821,150113
3305,HOSPITALES,JESUS MARIA,3937643,LIMA CENTRAL,Promed,821,150113
3307,REBAGLIATI,JESUS MARIA,3937643,LIMA CENTRAL,Promed,821,150113
3306,SALAVERRY,JESUS MARIA,3937643,LIMA CENTRAL,Promed,821,150113
5720,JORGE BASADRE,TACNA,8349579,SUR GRANDE COSTA - AREQUIPA MOQ TACNA,Promed,15,230301
9301,JOSE LEONARDO ORTIZ,LAMBAYEQUE,8351292,NORTE GRANDE B - LAMB CAJA AMAZO,Promed,1514,140105
5228,JOSE LUIS BUSTAMANTE Y RIVERO,AREQUIPA,8350778,SUR GRANDE COSTA - AREQUIPA MOQ TACNA,Promed,67,040129
7250,JUANJUI,SAN MARTIN,8350300,SELVA,Promed,1452,220601
2150,JULCAN,LA LIBERTAD,8349561,NORTE MEDIO - LA LIBERTAD ANCASH (CHIMB),Promed,926,120412
5615,JULIACA,PUNO,8349902,SUR GRANDE SIERRA ORIENTE - APU CUS PUNO MD,Promed,171,211101
6450,JUNIN,JUNIN,3937485,SIERRA CENTRAL,Promed,1107,120501
1105,LA ARENA,PIURA,8349805,NORTE GRANDE A - TUMBES Y PIURA,Promed,409,200109
2102,LA ESPERANZA,LA LIBERTAD,8351019,NORTE MEDIO - LA LIBERTAD ANCASH (CHIMB),Promed,1356,130105
5205,LA JOYA,AREQUIPA,8349731,SUR GRANDE COSTA - AREQUIPA MOQ TACNA,Promed,71,040108
405,SANTA PATRICIA,LA MOLINA,8351049,LIMA PERIFERICA,Promed,830,150114
404,SANTA FELICIA,LA MOLINA,8351049,LIMA PERIFERICA,Promed,830,150114
407,MOLICENTRO,LA MOLINA,8351049,LIMA PERIFERICA,Promed,830,150114
403,CAMACHO,LA MOLINA,8351049,LIMA PERIFERICA,Promed,830,150114
406,EL GATO,LA MOLINA,8351049,LIMA PERIFERICA,Promed,830,150114
408,MUSA,LA MOLINA,8351049,LIMA PERIFERICA,Promed,830,150114
6480,LA OROYA,JUNIN,8350461,SIERRA CENTRAL,Promed,1052,120801
3412,SIMA - ASTETE,LA PERLA,8350131,LIMA CENTRAL,Promed,823,070104
3413,LA PERLA,LA PERLA,8350131,LIMA CENTRAL,Promed,823,070104
3411,LA PUNTA,LA PUNTA,8351044,LIMA CENTRAL,Promed,820,070105
4101,LA TINGUIÑA,ICA,8350882,SUR CHICO,Promed,436,110102
5280,LA UNION,AREQUIPA,8350241,SUR GRANDE COSTA - AREQUIPA MOQ TACNA,Promed,408,200110
1106,LA UNION,PIURA,8350241,NORTE GRANDE A - TUMBES Y PIURA,Promed,408,200110
3500,SANTA CATALINA,LA VICTORIA,8351034,LIMA CENTRAL,Promed,829,150115
3501,BALCONCILLO,LA VICTORIA,8351034,LIMA CENTRAL,Promed,829,150115
3503,EL PORVENIR,LA VICTORIA,8351034,LIMA CENTRAL,Promed,829,150115
3504,MANCO CAPAC,LA VICTORIA,8351034,LIMA CENTRAL,Promed,829,150115
3502,APOLO,LA VICTORIA,8351034,LIMA CENTRAL,Promed,829,150115
9302,LA VICTORIA,LAMBAYEQUE,8351069,NORTE GRANDE B - LAMB CAJA AMAZO,Promed,829,150115
9306,LAGUNAS,LAMBAYEQUE,8350502,NORTE GRANDE B - LAMB CAJA AMAZO,Promed,1477,140107
7240,LAMAS,SAN MARTIN,8351357,SELVA,Promed,1612,220501
9329,LAMBAYEQUE ( RESTO PROV. ),LAMBAYEQUE,3695753,NORTE GRANDE B - LAMB CAJA AMAZO,Promed,1542,140301
9320,LAMBAYEQUE ( CIUDAD ),LAMBAYEQUE,3695753,NORTE GRANDE B - LAMB CAJA AMAZO,Promed,1542,140301
5660,LAMPA,PUNO,8349685,SUR GRANDE SIERRA ORIENTE - APU CUS PUNO MD,Promed,195,210701
2105,LAREDO,LA LIBERTAD,8350399,NORTE MEDIO - LA LIBERTAD ANCASH (CHIMB),Promed,1363,130106
7105,LAS AMAZONAS,LORETO,8350680,SELVA,Promed,1823,160105
1107,LAS LOMAS,PIURA,8350648,NORTE GRANDE A - TUMBES Y PIURA,Promed,1774,200111
6381,LAURICOCHA,HUANUCO,8349557,SIERRA CENTRAL,Promed,821,150113
6359,LEONCIO PRADO ( RESTO PROV. ),HUANUCO,8349703,SIERRA CENTRAL,Promed,278,050609
6350,TINGO MARIA,HUANUCO,8349703,SIERRA CENTRAL,Promed,278,050609
3101,BARRIOS ALTOS VIEJO CENTRO (CA,LIMA CERCADO,8351059,LIMA CENTRAL,Promed,842,150101
3100,BARRIOS ALTOS VIEJO,LIMA CERCADO,8351059,LIMA CENTRAL,Promed,842,150101
3102,CENTRO HISTORICO,LIMA CERCADO,8351059,LIMA CENTRAL,Promed,842,150101
3103,LINEA INDUSTRIAL,LIMA CERCADO,8351059,LIMA CENTRAL,Promed,842,150101
3104,SANTA BEATRIZ,LIMA CERCADO,8351059,LIMA CENTRAL,Promed,842,150101
3106,PALOMINO,LIMA CERCADO,8351059,LIMA CENTRAL,Promed,842,150101
3105,AMAUTA,LIMA CERCADO,8351059,LIMA CENTRAL,Promed,842,150101
3312,ARENALES,LINCE,8350112,LIMA CENTRAL,Promed,815,150116
3310,LOBATON,LINCE,8350112,LIMA CENTRAL,Promed,815,150116
3309,UNANUE,LINCE,8350112,LIMA CENTRAL,Promed,815,150116
3311,PARQUE,LINCE,8350112,LIMA CENTRAL,Promed,815,150116
7120,LORETO,LORETO,3695238,SELVA,Promed,1796,160301
4102,LOS AQUIJES,ICA,8350876,SUR CHICO,Promed,418,110103
718,LOS OLIVOS,LOS OLIVOS,8350393,LIMA PERIFERICA,Promed,872,150117
717,PALMERAS,LOS OLIVOS,8350393,LIMA PERIFERICA,Promed,872,150117
716,COVIDA,LOS OLIVOS,8350393,LIMA PERIFERICA,Promed,872,150117
719,PRO,LOS OLIVOS,8350393,LIMA PERIFERICA,Promed,872,150117
6150,LUCANAS,AYACUCHO,8349639,SIERRA CENTRAL,Promed,306,050611
4203,LUNAHUANA,SUR CHICO-LIMA,8350036,SUR CHICO,Promed,677,150508
411,RESTO DEL DISTRITO,LURIGANCHO - CHOSICA,8349863,LIMA PERIFERICA,Promed,885,150118
410,PUENTE CHACLACAYO,LURIGANCHO - CHOSICA,8349863,LIMA PERIFERICA,Promed,885,150118
409,CHOSICA,LURIGANCHO - CHOSICA,8349863,LIMA PERIFERICA,Promed,885,150118
300,LURIN,BALNEARIOS DEL SUR,8350123,LIMA PERIFERICA,Promed,787,150119
2203,MACATE,ANCASH (PROVINCIA SANTA),8350322,NORTE MEDIO - LA LIBERTAD ANCASH (CHIMB),Promed,1289,021804
3600,MAGDALENA VIEJA,MAGDALENA,8350495,LIMA CENTRAL,Promed,1438,060109
3601,MAGDALENA NUEVA,MAGDALENA,8350495,LIMA CENTRAL,Promed,1438,060109
4204,MALA,SUR CHICO-LIMA,8350071,SUR CHICO,Promed,714,150509
5410,MANU,MADRE DE DIOS,8349961,SUR GRANDE SIERRA ORIENTE - APU CUS PUNO MD,Promed,899,170201
5206,MARIANO MELGAR,AREQUIPA,3935272,SUR GRANDE COSTA - AREQUIPA MOQ TACNA,Promed,82,040109
7259,MARISCAL CACERES ( RESTO PROV.,SAN MARTIN,8349893,SELVA,Promed,84,040204
7130,MARISCAL RAMON CASTILLA,LORETO,8349567,SELVA,Promed,1820,160401
7303,MASISEA,UCAYALI,8350465,SELVA,Promed,1318,250104
4300,MATUCANA,SUR CHICO-LIMA,8351091,SUR CHICO,Promed,931,150701
6461,MAZAMARI,JUNIN,12077102,SIERRA CENTRAL,Promed,1090,120604
7106,MAZAN,LORETO,8350685,SELVA,Promed,1828,160106
5207,MIRAFLORES,AREQUIPA,8350800,SUR GRANDE COSTA - AREQUIPA MOQ TACNA,Promed,85,040110
3703,SAN ANTONIO,MIRAFLORES,8350133,LIMA CENTRAL,Promed,85,040110
3700,SANTA CRUZ,MIRAFLORES,8350133,LIMA CENTRAL,Promed,85,040110
3705,EL ROSEDAL,MIRAFLORES,8350133,LIMA CENTRAL,Promed,85,040110
3702,CENTRO,MIRAFLORES,8350133,LIMA CENTRAL,Promed,85,040110
3704,AURORA,MIRAFLORES,8350133,LIMA CENTRAL,Promed,85,040110
3701,HUACA,MIRAFLORES,8350133,LIMA CENTRAL,Promed,85,040110
2106,MOCHE,LA LIBERTAD,8351226,NORTE MEDIO - LA LIBERTAD ANCASH (CHIMB),Promed,1340,130107
5680,MOHO,PUNO,8349571,SUR GRANDE SIERRA ORIENTE - APU CUS PUNO MD,Promed,187,210901
5215,MOLLEBAYA,AREQUIPA,8350771,SUR GRANDE COSTA - AREQUIPA MOQ TACNA,Promed,56,040111
9307,MONSEFU,LAMBAYEQUE,8351285,NORTE GRANDE B - LAMB CAJA AMAZO,Promed,1498,140108
5500,MOQUEGUA ( CIUDAD ),MOQUEGUA,8350698,SUR GRANDE COSTA - AREQUIPA MOQ TACNA,Promed,38,180101
2204,MORO,ANCASH (PROVINCIA SANTA),8350332,NORTE MEDIO - LA LIBERTAD ANCASH (CHIMB),Promed,1246,021805
1130,MORROPON,PIURA,3694581,NORTE GRANDE A - TUMBES Y PIURA,Promed,1738,200405
7299,MOYOBAMBA ( RESTO PROV. ),SAN MARTIN,8350597,SELVA,Promed,1725,220101
7200,MOYOBAMBA ( CIUDAD ),SAN MARTIN,8350597,SELVA,Promed,1725,220101
7107,NAPO,LORETO,8350688,SELVA,Promed,1831,160107
4120,NAZCA,ICA,8349759,SUR CHICO,Promed,254,110301
2205,NEPEÑA,ANCASH (PROVINCIA SANTA),8350334,NORTE MEDIO - LA LIBERTAD ANCASH (CHIMB),Promed,1255,021806
9308,NUEVA ARICA,LAMBAYEQUE,8350503,NORTE GRANDE B - LAMB CAJA AMAZO,Promed,1489,140109
7261,NUEVA CAJAMARCA,SAN MARTIN,8350604,SELVA,Promed,1707,220804
7305,NUEVA REQUENA,UCAYALI,8350403,SELVA,Promed,1367,250106
2208,NUEVO CHIMBOTE,ANCASH (PROVINCIA SANTA),8350316,NORTE MEDIO - LA LIBERTAD ANCASH (CHIMB),Promed,1251,021809
4103,OCUCAJE,ICA,8349637,SUR CHICO,Promed,304,110104
2160,OTUZCO,LA LIBERTAD,8350413,NORTE MEDIO - LA LIBERTAD ANCASH (CHIMB),Promed,1384,130601
6520,OXAPAMPA,PASCO,8349981,SIERRA CENTRAL,Promed,958,190301
8250,OYON,NORTE CHICO-LIMA,8349566,NORTE CHICO,Promed,968,150901
9309,OYOTUN,LAMBAYEQUE,8350520,NORTE GRANDE B - LAMB CAJA AMAZO,Promed,1524,140110
2170,PACASMAYO,LA LIBERTAD,8351245,NORTE MEDIO - LA LIBERTAD ANCASH (CHIMB),Promed,1416,130704
301,PACHACAMAC,BALNEARIOS DEL SUR,8350126,LIMA PERIFERICA,Promed,827,150123
4104,PACHACUTEC,ICA,8350385,SUR CHICO,Promed,340,110105
5705,PACHIA,TACNA,8349665,SUR GRANDE COSTA - AREQUIPA MOQ TACNA,Promed,10,230106
7320,PADRE ABAD,UCAYALI,8349581,SELVA,Promed,1307,250301
1140,PAITA,PIURA,8350628,NORTE GRANDE A - TUMBES Y PIURA,Promed,1750,200501
5706,PALCA,TACNA,8349672,SUR GRANDE COSTA - AREQUIPA MOQ TACNA,Promed,17,230107
4130,PALPA,ICA,8350841,SUR CHICO,Promed,282,110401
6462,PANGOA,JUNIN,12077102,SIERRA CENTRAL,Promed,1073,120606
8201,PARAMONGA,NORTE CHICO-LIMA,8350199,NORTE CHICO,Promed,979,150202
4105,PARCONA,ICA,8350732,SUR CHICO,Promed,416,110106
6416,PARIAHUANCA,JUNIN,8350168,SIERRA CENTRAL,Promed,897,120124
5390,PARURO,CUZCO,8350904,SUR GRANDE SIERRA ORIENTE - APU CUS PUNO MD,Promed,517,081001
6500,PASCO,PASCO,3932834,SIERRA CENTRAL,Promed,1132,190101
9316,PATAPO,LAMBAYEQUE,8351304,NORTE GRANDE B - LAMB CAJA AMAZO,Promed,1535,140117
2180,PATAZ,LA LIBERTAD,8350423,NORTE MEDIO - LA LIBERTAD ANCASH (CHIMB),Promed,1394,130809
8202,PATIVILCA,NORTE CHICO-LIMA,8351151,NORTE CHICO,Promed,1144,150203
6170,PAUCAR  DEL  SARA  SARA,AYACUCHO,8349551,SIERRA CENTRAL,Promed,186,050801
5208,PAUCARPATA,AREQUIPA,8350781,SUR GRANDE COSTA - AREQUIPA MOQ TACNA,Promed,72,040112
5315,PAUCARTAMBO,CUZCO,8349945,SUR GRANDE SIERRA ORIENTE - APU CUS PUNO MD,Promed,639,081101
6601,PICHANAQUI,JUNIN,8350270,SIERRA CENTRAL,Promed,1130,120303
7290,PICOTA,SAN MARTIN,8349576,SELVA,Promed,1481,220701
9310,PICSI,LAMBAYEQUE,8351294,NORTE GRANDE B - LAMB CAJA AMAZO,Promed,1520,140111
6417,PILCOMAYO,JUNIN,8351036,SIERRA CENTRAL,Promed,845,120125
9311,PIMENTEL,LAMBAYEQUE,8351291,NORTE GRANDE B - LAMB CAJA AMAZO,Promed,1511,140112
4140,PISCO,ICA,8350879,SUR CHICO,Promed,508,110501
1199,PIURA ( RESTO PROV. ),PIURA,3693525,NORTE GRANDE A - TUMBES Y PIURA,Promed,1748,200101
1100,PIURA ( CIUDAD ),PIURA,3693525,NORTE GRANDE A - TUMBES Y PIURA,Promed,1748,200101
5707,POCOLLAY,TACNA,8350451,SUR GRANDE COSTA - AREQUIPA MOQ TACNA,Promed,2,230108
5216,POCSI,AREQUIPA,8350776,SUR GRANDE COSTA - AREQUIPA MOQ TACNA,Promed,63,040113
5217,POLOBAYA,AREQUIPA,8350442,SUR GRANDE COSTA - AREQUIPA MOQ TACNA,Promed,55,040114
9317,POMALCA,LAMBAYEQUE,8351289,NORTE GRANDE B - LAMB CAJA AMAZO,Promed,1509,140118
2107,POROTO,LA LIBERTAD,8351235,NORTE MEDIO - LA LIBERTAD ANCASH (CHIMB),Promed,1368,130108
5302,POROY,CUZCO,8349602,SUR GRANDE SIERRA ORIENTE - APU CUS PUNO MD,Promed,562,080103
7119,ALTO AMAZONAS ( RESTO PROV. ),LORETO,3699735,SELVA,Promed,389,160201
6220,ANGARAES,HUANCAVELICA,3947704,SIERRA CENTRAL,Promed,666,090301
5130,AYMARAES,APURIMAC,3946963,SUR GRANDE SIERRA ORIENTE - APU CUS PUNO MD,Promed,316,030401
5340,CANAS,CUZCO,3945875,SUR GRANDE SIERRA ORIENTE - APU CUS PUNO MD,Promed,319,080501
5620,CARABAYA,PUNO,3945614,SUR GRANDE SIERRA ORIENTE - APU CUS PUNO MD,Promed,454,210301
5360,CHUMBIVILCAS,CUZCO,3943263,SUR GRANDE SIERRA ORIENTE - APU CUS PUNO MD,Promed,291,080701
5260,CONDESUYOS,AREQUIPA,3942520,SUR GRANDE COSTA - AREQUIPA MOQ TACNA,Promed,137,040601
1210,CONTRALMIRANTE VILLAR,TUMBES,3697834,NORTE GRANDE A - TUMBES Y PIURA,Promed,1803,240201
7399,CREL PORTILLO ( RESTO PROV. ),UCAYALI,3697795,SELVA,Promed,1427,250101
6510,DANIEL A. CARRION,PASCO,3941507,SIERRA CENTRAL,Promed,969,190201
6320,DOS DE MAYO,HUANUCO,3697460,SIERRA CENTRAL,Promed,408,200110
5510,GENERAL SANCHEZ CERRO,MOQUEGUA,3940771,SUR GRANDE COSTA - AREQUIPA MOQ TACNA,Promed,52,180201
5160,GRAU,APURIMAC,3940641,SUR GRANDE SIERRA ORIENTE - APU CUS PUNO MD,Promed,437,030701
6340,HUAMALIES,HUANUCO,3696505,SIERRA CENTRAL,Promed,1171,100501
6199,HUAMANGA ( RESTO PROV. ),AYACUCHO,3939740,SIERRA CENTRAL,Promed,645,050101
6120,HUANCA SANCOS,AYACUCHO,7778815,SIERRA CENTRAL,Promed,237,050619
5380,LA CONVENCION,CUZCO,3937248,SUR GRANDE SIERRA ORIENTE - APU CUS PUNO MD,Promed,689,080901
6140,LA MAR,AYACUCHO,3937045,SIERRA CENTRAL,Promed,687,050501
6360,MARAÑON,HUANUCO,3694961,SIERRA CENTRAL,Promed,1305,100701
5599,MARISCAL NIETO ( RESTO PROV. ),MOQUEGUA,3935255,SUR GRANDE COSTA - AREQUIPA MOQ TACNA,Promed,38,180101
7199,MAYNAS ( RESTO PROV. ),LORETO,3694873,SELVA,Promed,1800,160101
5670,MELGAR,PUNO,3935054,SUR GRANDE SIERRA ORIENTE - APU CUS PUNO MD,Promed,257,210801
6370,PACHITEA,HUANUCO,3694144,SIERRA CENTRAL,Promed,1041,100801
6160,PARINACOCHAS,AYACUCHO,3932906,SIERRA CENTRAL,Promed,277,050701
5325,QUISPICANCHIS,CUZCO,3930646,SUR GRANDE SIERRA ORIENTE - APU CUS PUNO MD,Promed,526,081201
1170,TALARA,PIURA,3691580,NORTE GRANDE A - TUMBES Y PIURA,Promed,1783,200701
6260,TAYACAJA,HUANCAVELICA,3927670,SIERRA CENTRAL,Promed,767,090701
6190,VICTOR FAJARDO,AYACUCHO,3926224,SIERRA CENTRAL,Promed,515,051001
6115,VILCASHUAMAN,AYACUCHO,7778816,SIERRA CENTRAL,Promed,280,211001
9318,PUCALA,LAMBAYEQUE,8350515,NORTE GRANDE B - LAMB CAJA AMAZO,Promed,1506,140119
6418,PUCARA,JUNIN,8350582,SIERRA CENTRAL,Promed,232,210708
302,PUCUSANA,BALNEARIOS DEL SUR,8350082,LIMA PERIFERICA,Promed,739,150124
3603,COLMENARES - LA MAR,PUEBLO LIBRE,8350115,LIMA CENTRAL,Promed,1241,021207
3605,CLINICAS,PUEBLO LIBRE,8350115,LIMA CENTRAL,Promed,1241,021207
3604,BOLIVAR,PUEBLO LIBRE,8350115,LIMA CENTRAL,Promed,1241,021207
3602,SUCRE,PUEBLO LIBRE,8350115,LIMA CENTRAL,Promed,1241,021207
4106,PUEBLO NUEVO,ICA,8349996,SUR CHICO,Promed,347,110107
202,PUENTE PIEDRA,PUENTE PIEDRA,8351078,LIMA PERIFERICA,Promed,902,150125
201,ZAPALLAL,PUENTE PIEDRA,8351078,LIMA PERIFERICA,Promed,902,150125
6380,PUERTO INCA,HUANUCO,8349556,SIERRA CENTRAL,Promed,1247,100901
7101,PUNCHANA,LORETO,8351306,SELVA,Promed,1818,160108
5600,PUNO,PUNO,3931275,SUR GRANDE SIERRA ORIENTE - APU CUS PUNO MD,Promed,120,210101
303,PUNTA HERMOSA,BALNEARIOS DEL SUR,8350121,LIMA PERIFERICA,Promed,785,150126
304,PUNTA NEGRA,BALNEARIOS DEL SUR,8350111,LIMA PERIFERICA,Promed,779,150127
7330,PURUS,UCAYALI,8349582,SELVA,Promed,1179,250401
7108,PUTUMAYO,LORETO,8350689,SELVA,Promed,1832,160109
5218,QUEQUEÑA,AREQUIPA,8350733,SUR GRANDE COSTA - AREQUIPA MOQ TACNA,Promed,51,040115
6419,QUICHUAY,JUNIN,8351076,SIERRA CENTRAL,Promed,901,120127
6420,QUILCAS,JUNIN,8350165,SIERRA CENTRAL,Promed,895,120128
4205,QUILMANA,SUR CHICO-LIMA,8350048,SUR CHICO,Promed,690,150512
9312,REQUE,LAMBAYEQUE,8351286,NORTE GRANDE B - LAMB CAJA AMAZO,Promed,1499,140113
7140,REQUENA,LORETO,8350626,SELVA,Promed,1747,160501
4302,RICARDO PALMA,SUR CHICO-LIMA,8351067,SUR CHICO,Promed,874,150714
3802,RIMAC VIEJO,RIMAC,8351046,LIMA CENTRAL,Promed,850,150128
3800,VILLACAMPA,RIMAC,8351046,LIMA CENTRAL,Promed,850,150128
3801,FLORIDA,RIMAC,8351046,LIMA CENTRAL,Promed,850,150128
7269,RIOJA ( RESTO PROV. ),SAN MARTIN,8350566,SELVA,Promed,1680,220801
7260,RIOJA ( CIUDAD ),SAN MARTIN,8350566,SELVA,Promed,1680,220801
5219,SABANDIA,AREQUIPA,8350779,SUR GRANDE COSTA - AREQUIPA MOQ TACNA,Promed,65,040116
5209,SACHACA,AREQUIPA,8349884,SUR GRANDE COSTA - AREQUIPA MOQ TACNA,Promed,69,040117
4107,SALAS,ICA,8349866,SUR CHICO,Promed,475,110108
2108,SALAVERRY,LA LIBERTAD,8350345,NORTE MEDIO - LA LIBERTAD ANCASH (CHIMB),Promed,1336,130109
5708,SAMA,TACNA,8349660,SUR GRANDE COSTA - AREQUIPA MOQ TACNA,Promed,5,230109
2206,SAMANCO,ANCASH (PROVINCIA SANTA),8350097,NORTE MEDIO - LA LIBERTAD ANCASH (CHIMB),Promed,1222,021807
6421,SAN AGUSTIN,JUNIN,8350963,SIERRA CENTRAL,Promed,862,120129
5690,SAN ANTONIO DE  PUTINA,PUNO,8349572,SUR GRANDE SIERRA ORIENTE - APU CUS PUNO MD,Promed,171,211101
305,SAN BARTOLO,BALNEARIOS DEL SUR,8350055,LIMA PERIFERICA,Promed,750,150129
3917,SAN BORJA NORTE,SAN BORJA,8350137,LIMA CENTRAL,Promed,814,150130
3915,SAN BORJA SUR,SAN BORJA,8350137,LIMA CENTRAL,Promed,814,150130
3916,JUAN XXIII,SAN BORJA,8350137,LIMA CENTRAL,Promed,814,150130
3918,JACARANDA,SAN BORJA,8350137,LIMA CENTRAL,Promed,814,150130
3914,TORRES,SAN BORJA,8350137,LIMA CENTRAL,Promed,814,150130
9280,SAN IGNACIO,CAJAMARCA,8350620,NORTE GRANDE B - LAMB CAJA AMAZO,Promed,1740,060901
3706,ORRANTIA MAR,SAN ISIDRO,8349811,LIMA CENTRAL,Promed,447,090612
3707,FINANCIERO,SAN ISIDRO,8349811,LIMA CENTRAL,Promed,447,090612
3708,SAN ISIDRO,SAN ISIDRO,8349811,LIMA CENTRAL,Promed,447,090612
3710,ORRANTIA,SAN ISIDRO,8349811,LIMA CENTRAL,Promed,447,090612
3709,CORPAC,SAN ISIDRO,8349811,LIMA CENTRAL,Promed,447,090612
5303,SAN JERONIMO,CUZCO,8349840,SUR GRANDE SIERRA ORIENTE - APU CUS PUNO MD,Promed,525,030213
6422,SAN JERONIMO DE TUNAN,JUNIN,8349623,SIERRA CENTRAL,Promed,879,120130
4108,SAN JOSE DE LOS MOLINOS,ICA,8349871,SUR CHICO,Promed,490,110109
4109,SAN JUAN BAUTISTA,ICA,8349619,SUR CHICO,Promed,444,110110
7111,SAN JUAN BAUTISTA,LORETO,8349619,SELVA,Promed,444,110110
706,CAJA DE AGUA,SAN JUAN DE LURIGANCHO,8351074,LIMA PERIFERICA,Promed,889,150132
708,SAN HILARION,SAN JUAN DE LURIGANCHO,8351074,LIMA PERIFERICA,Promed,889,150132
709,CANTO GRANDE,SAN JUAN DE LURIGANCHO,8351074,LIMA PERIFERICA,Promed,889,150132
707,LAS FLORES,SAN JUAN DE LURIGANCHO,8351074,LIMA PERIFERICA,Promed,889,150132
704,CAMPOY,SAN JUAN DE LURIGANCHO,8351074,LIMA PERIFERICA,Promed,889,150132
705,ZARATE,SAN JUAN DE LURIGANCHO,8351074,LIMA PERIFERICA,Promed,889,150132
604,ZONA C - PUEBLOS JOVENES,SAN JUAN MIRAFLORES,8351033,LIMA PERIFERICA,Promed,797,150133
606,OTRO LADO CARRETERA,SAN JUAN MIRAFLORES,8351033,LIMA PERIFERICA,Promed,797,150133
603,ZONA A - ZONA B,SAN JUAN MIRAFLORES,8351033,LIMA PERIFERICA,Promed,797,150133
602,CIUDAD DE DIOS,SAN JUAN MIRAFLORES,8351033,LIMA PERIFERICA,Promed,797,150133
600,PAMPLONA ALTA,SAN JUAN MIRAFLORES,8351033,LIMA PERIFERICA,Promed,797,150133
601,PAMPLONA BAJA,SAN JUAN MIRAFLORES,8351033,LIMA PERIFERICA,Promed,797,150133
605,ZONA D,SAN JUAN MIRAFLORES,8351033,LIMA PERIFERICA,Promed,797,150133
5220,SAN JUAN DE SIGUAS,AREQUIPA,8350785,SUR GRANDE COSTA - AREQUIPA MOQ TACNA,Promed,80,040118
5221,SAN JUAN DE TARUCANI,AREQUIPA,8350718,SUR GRANDE COSTA - AREQUIPA MOQ TACNA,Promed,112,040119
3506,JAVIER PRADO,SAN LUIS,8350929,LIMA CENTRAL,Promed,655,150514
3505,LAS MORAS,SAN LUIS,8350929,LIMA CENTRAL,Promed,655,150514
3507,LA VIÑA,SAN LUIS,8350929,LIMA CENTRAL,Promed,655,150514
3508,EL PINO,SAN LUIS,8350929,LIMA CENTRAL,Promed,655,150514
4206,SAN LUIS,SUR CHICO-LIMA,8350929,SUR CHICO,Promed,655,150514
9290,SAN MARCOS,CAJAMARCA,8349552,NORTE GRANDE B - LAMB CAJA AMAZO,Promed,1175,021014
7279,SAN MARTIN ( RESTO PROV. ),SAN MARTIN,8350551,SELVA,Promed,1622,220303
715,EL PACIFICO - LIBERTADORES,SAN MARTIN DE PORRES,8351065,LIMA PERIFERICA,Promed,867,150135
712,PERU1 - ZARUMILLA,SAN MARTIN DE PORRES,8351065,LIMA PERIFERICA,Promed,867,150135
710,INGENIERIA,SAN MARTIN DE PORRES,8351065,LIMA PERIFERICA,Promed,867,150135
714,CONDEVILLA,SAN MARTIN DE PORRES,8351065,LIMA PERIFERICA,Promed,867,150135
711,PERU2,SAN MARTIN DE PORRES,8351065,LIMA PERIFERICA,Promed,867,150135
713,PALAO,SAN MARTIN DE PORRES,8351065,LIMA PERIFERICA,Promed,867,150135
4303,SAN MATEO,SUR CHICO-LIMA,8349969,SUR CHICO,Promed,934,150722
9215,SAN MIGUEL,CAJAMARCA,8350041,NORTE GRANDE B - LAMB CAJA AMAZO,Promed,687,050501
3610,PARQUE DE LA LEYENDAS,SAN MIGUEL,8350041,LIMA CENTRAL,Promed,687,050501
3609,MARANGA 2 - ASTETE,SAN MIGUEL,8350041,LIMA CENTRAL,Promed,687,050501
3608,SAN MIGUELITO,SAN MIGUEL,8350041,LIMA CENTRAL,Promed,687,050501
3606,MARANGA 1,SAN MIGUEL,8350041,LIMA CENTRAL,Promed,687,050501
3607,PANDO,SAN MIGUEL,8350041,LIMA CENTRAL,Promed,687,050501
9225,SAN PABLO,CAJAMARCA,8349553,NORTE GRANDE B - LAMB CAJA AMAZO,Promed,361,080606
6602,SAN RAMON,JUNIN,8350259,SIERRA CENTRAL,Promed,1099,120305
5699,SAN ROMAN ( RESTO PROV. ),PUNO,3929310,SUR GRANDE SIERRA ORIENTE - APU CUS PUNO MD,Promed,171,211101
5304,SAN SEBASTIAN,CUZCO,8350930,SUR GRANDE SIERRA ORIENTE - APU CUS PUNO MD,Promed,564,080105
4299,CA?ETE ( RESTO PROV. ),SUR CHICO-LIMA,8349951,SUR CHICO,Promed,648,150501
4200,SAN VICENTE DE CAÑETE,SUR CHICO-LIMA,8349951,SUR CHICO,Promed,648,150501
9314,SAÑA,LAMBAYEQUE,8350160,NORTE GRANDE B - LAMB CAJA AMAZO,Promed,1504,140115
2190,SANCHEZ CARRION,LA LIBERTAD,7807970,NORTE MEDIO - LA LIBERTAD ANCASH (CHIMB),Promed,1385,130901
5625,SANDIA,PUNO,8350768,SUR GRANDE SIERRA ORIENTE - APU CUS PUNO MD,Promed,331,211201
6423,SAÑO,JUNIN,8351060,SIERRA CENTRAL,Promed,868,120132
2299,SANTA ( RESTO PROV. ),ANCASH (PROVINCIA SANTA),8351171,NORTE MEDIO - LA LIBERTAD ANCASH (CHIMB),Promed,1259,021808
2207,SANTA,ANCASH (PROVINCIA SANTA),8351171,NORTE MEDIO - LA LIBERTAD ANCASH (CHIMB),Promed,1259,021808
110,SANTA ANITA,SANTA ANITA,8350151,LIMA PERIFERICA,Promed,844,150137
111,PRODUCTORES,SANTA ANITA,8350151,LIMA PERIFERICA,Promed,844,150137
106,SANTA ROSA,SANTA ANITA,8350151,LIMA PERIFERICA,Promed,844,150137
107,UNIVERSAL,SANTA ANITA,8350151,LIMA PERIFERICA,Promed,844,150137
109,CHANCAS,SANTA ANITA,8350151,LIMA PERIFERICA,Promed,844,150137
108,FICUS,SANTA ANITA,8350151,LIMA PERIFERICA,Promed,844,150137
9235,SANTA CRUZ,CAJAMARCA,8350352,NORTE GRANDE B - LAMB CAJA AMAZO,Promed,300,110404
4304,SANTA EULALIA,SUR CHICO-LIMA,8351086,SUR CHICO,Promed,917,150728
5222,SANTA ISABEL DE SIGUAS,AREQUIPA,8350707,SUR GRANDE COSTA - AREQUIPA MOQ TACNA,Promed,101,040120
306,SANTA MARIA,BALNEARIOS DEL SUR,8351143,LIMA PERIFERICA,Promed,1097,150810
5223,SANTA RITA DE SIGUAS,AREQUIPA,8350782,SUR GRANDE COSTA - AREQUIPA MOQ TACNA,Promed,73,040121
9313,SANTA ROSA,LAMBAYEQUE,8349607,NORTE GRANDE B - LAMB CAJA AMAZO,Promed,53,210504
203,SANTA ROSA,SANTA ROSA,8349607,LIMA PERIFERICA,Promed,53,210504
8221,SANTA ROSA DE QUIVES,NORTE CHICO-LIMA,8349978,NORTE CHICO,Promed,950,150407
4110,SANTIAGO,ICA,8350770,SUR CHICO,Promed,336,110111
2115,SANTIAGO DE CHUCO,LA LIBERTAD,8350364,NORTE MEDIO - LA LIBERTAD ANCASH (CHIMB),Promed,1344,131001
5305,SANTIAGO,CUZCO,8351042,SUR GRANDE SIERRA ORIENTE - APU CUS PUNO MD,Promed,816,150140
3909,VALLE HERMOSO,SANTIAGO DE SURCO,8351042,LIMA CENTRAL,Promed,816,150140
3905,VISTA ALEGRE,SANTIAGO DE SURCO,8351042,LIMA CENTRAL,Promed,816,150140
3901,SURCO VIEJO,SANTIAGO DE SURCO,8351042,LIMA CENTRAL,Promed,816,150140
3907,CHACARILLA,SANTIAGO DE SURCO,8351042,LIMA CENTRAL,Promed,816,150140
3908,MONTERRICO,SANTIAGO DE SURCO,8351042,LIMA CENTRAL,Promed,816,150140
3902,SAN ROQUE,SANTIAGO DE SURCO,8351042,LIMA CENTRAL,Promed,816,150140
3904,HIGUERETA,SANTIAGO DE SURCO,8351042,LIMA CENTRAL,Promed,816,150140
3906,GARDENIAS,SANTIAGO DE SURCO,8351042,LIMA CENTRAL,Promed,816,150140
3900,MANZANOS,SANTIAGO DE SURCO,8351042,LIMA CENTRAL,Promed,816,150140
3903,CHAMA,SANTIAGO DE SURCO,8351042,LIMA CENTRAL,Promed,816,150140
6426,SANTO DOMINGO DE ACOBAMBA,JUNIN,8350173,SIERRA CENTRAL,Promed,936,120135
6424,SAPALLANGA,JUNIN,8351053,SIERRA CENTRAL,Promed,834,120133
6469,SATIPO ( RESTO PROV. ),JUNIN,8349997,SIERRA CENTRAL,Promed,1103,120601
6460,SATIPO ( CIUDAD ),JUNIN,8349997,SIERRA CENTRAL,Promed,1103,120601
8243,SAYAN,NORTE CHICO-LIMA,8350004,NORTE CHICO,Promed,1110,150811
5306,SAYLLA,CUZCO,8350921,SUR GRANDE SIERRA ORIENTE - APU CUS PUNO MD,Promed,555,080107
1150,SECHURA,PIURA,8349569,NORTE GRANDE A - TUMBES Y PIURA,Promed,1717,200801
6425,SICAYA,JUNIN,8351052,SIERRA CENTRAL,Promed,856,120134
2109,SIMBAL,LA LIBERTAD,8350405,NORTE MEDIO - LA LIBERTAD ANCASH (CHIMB),Promed,1378,130110
5210,SOCABAYA,AREQUIPA,8350774,SUR GRANDE COSTA - AREQUIPA MOQ TACNA,Promed,62,040122
4111,SUBTANJALLA,ICA,8350873,SUR CHICO,Promed,432,110112
6180,SUCRE,AYACUCHO,8350493,SIERRA CENTRAL,Promed,1472,060310
1160,SULLANA,PIURA,8350643,NORTE GRANDE A - TUMBES Y PIURA,Promed,1769,200601
8204,SUPE PUERTO,NORTE CHICO-LIMA,8350975,NORTE CHICO,Promed,1120,150205
8203,SUPE,NORTE CHICO-LIMA,8350975,NORTE CHICO,Promed,1120,150205
3912,PLAZA BOLIVAR,SURQUILLO,8350386,LIMA CENTRAL,Promed,805,150141
3910,CODORNICES,SURQUILLO,8350386,LIMA CENTRAL,Promed,805,150141
3913,LA CALERA,SURQUILLO,8350386,LIMA CENTRAL,Promed,805,150141
3911,MERCADO,SURQUILLO,8350386,LIMA CENTRAL,Promed,805,150141
5799,TACNA ( RESTO PROV. ),TACNA,3928127,SUR GRANDE COSTA - AREQUIPA MOQ TACNA,Promed,4,230101
5700,TACNA ( CIUDAD ),TACNA,3928127,SUR GRANDE COSTA - AREQUIPA MOQ TACNA,Promed,4,230101
5420,TAHUAMANU,MADRE DE DIOS,8350246,SUR GRANDE SIERRA ORIENTE - APU CUS PUNO MD,Promed,1070,170303
1108,TAMBO GRANDE,PIURA,8350639,NORTE GRANDE A - TUMBES Y PIURA,Promed,1768,200114
5400,TAMBOPATA,MADRE DE DIOS,8350260,SUR GRANDE SIERRA ORIENTE - APU CUS PUNO MD,Promed,1101,170101
7270,TARAPOTO,SAN MARTIN,8351337,SELVA,Promed,1583,220901
5730,TARATA,TACNA,8349676,SUR GRANDE COSTA - AREQUIPA MOQ TACNA,Promed,23,230401
6479,TARMA ( RESTO PROV. ),JUNIN,8350243,SIERRA CENTRAL,Promed,1064,120701
6470,TARMA ( CIUDAD ),JUNIN,8350243,SIERRA CENTRAL,Promed,1064,120701
4112,TATE,ICA,8350130,SUR CHICO,Promed,334,110113
5211,TIABAYA,AREQUIPA,8350780,SUR GRANDE COSTA - AREQUIPA MOQ TACNA,Promed,68,040123
7289,TOCACHE ( RESTO PROV. ),SAN MARTIN,8349577,SELVA,Promed,1357,221001
7280,TOCACHE ( CIUDAD ),SAN MARTIN,8349577,SELVA,Promed,1357,221001
7109,TORRES CAUSANA,LORETO,8350690,SELVA,Promed,1833,160110
2199,TRUJILLO ( RESTO PROV. ),LA LIBERTAD,8351227,NORTE MEDIO - LA LIBERTAD ANCASH (CHIMB),Promed,1345,130101
2100,TRUJILLO ( CIUDAD ),LA LIBERTAD,8351227,NORTE MEDIO - LA LIBERTAD ANCASH (CHIMB),Promed,1345,130101
9319,TUMAN,LAMBAYEQUE,8351297,NORTE GRANDE B - LAMB CAJA AMAZO,Promed,1521,140120
1200,TUMBES,TUMBES,3691146,NORTE GRANDE A - TUMBES Y PIURA,Promed,1813,240101
7150,UCAYALI,LORETO,3691099,SELVA,Promed,1441,160601
7281,UCHIZA,SAN MARTIN,8350347,SELVA,Promed,1338,221005
5224,UCHUMAYO,AREQUIPA,8350447,SUR GRANDE COSTA - AREQUIPA MOQ TACNA,Promed,77,040124
5335,URUBAMBA,CUZCO,8349992,SUR GRANDE SIERRA ORIENTE - APU CUS PUNO MD,Promed,620,081301
205,NO PLAYA,VENTANILLA,8350167,LIMA PERIFERICA,Promed,896,070106
204,PLAYA,VENTANILLA,8350167,LIMA PERIFERICA,Promed,896,070106
2110,VICTOR LARCO HERRERA,LA LIBERTAD,8351200,NORTE MEDIO - LA LIBERTAD ANCASH (CHIMB),Promed,1342,130111
617,SECTOR 6 - AGRICOLA,VILLA EL SALVADOR,8351026,LIMA PERIFERICA,Promed,784,150142
619,INDUSTRIAL,VILLA EL SALVADOR,8351026,LIMA PERIFERICA,Promed,784,150142
612,SECTOR 1,VILLA EL SALVADOR,8351026,LIMA PERIFERICA,Promed,784,150142
613,SECTOR 2,VILLA EL SALVADOR,8351026,LIMA PERIFERICA,Promed,784,150142
614,SECTOR 3,VILLA EL SALVADOR,8351026,LIMA PERIFERICA,Promed,784,150142
615,SECTOR 4,VILLA EL SALVADOR,8351026,LIMA PERIFERICA,Promed,784,150142
616,SECTOR 5,VILLA EL SALVADOR,8351026,LIMA PERIFERICA,Promed,784,150142
618,SECTOR 7,VILLA EL SALVADOR,8351026,LIMA PERIFERICA,Promed,784,150142
608,TABLADA VALLEJO,VILLA MARIA DEL TRIUNFO,8351031,LIMA PERIFERICA,Promed,796,150143
609,NUEVA ESPERANZA,VILLA MARIA DEL TRIUNFO,8351031,LIMA PERIFERICA,Promed,796,150143
607,JOSÑ GALVEZ,VILLA MARIA DEL TRIUNFO,8351031,LIMA PERIFERICA,Promed,796,150143
611,VILLA MARIA,VILLA MARIA DEL TRIUNFO,8351031,LIMA PERIFERICA,Promed,796,150143
610,MELGAR,VILLA MARIA DEL TRIUNFO,8351031,LIMA PERIFERICA,Promed,796,150143
6427,VIQUES,JUNIN,8350128,SIERRA CENTRAL,Promed,792,120136
2125,VIRU,LA LIBERTAD,8349563,NORTE MEDIO - LA LIBERTAD ANCASH (CHIMB),Promed,1339,131201
5225,VITOR,AREQUIPA,8350706,SUR GRANDE COSTA - AREQUIPA MOQ TACNA,Promed,100,040125
5307,WANCHAQ,CUZCO,8350919,SUR GRANDE SIERRA ORIENTE - APU CUS PUNO MD,Promed,549,080108
5212,YANAHUARA,AREQUIPA,8350729,SUR GRANDE COSTA - AREQUIPA MOQ TACNA,Promed,76,040126
5226,YARABAMBA,AREQUIPA,8350441,SUR GRANDE COSTA - AREQUIPA MOQ TACNA,Promed,54,040127
7304,YARINACOCHA,UCAYALI,8351230,SELVA,Promed,1352,250105
6382,YAROWILCA,HUANUCO,8349558,SIERRA CENTRAL,Promed,1147,101101
4113,YAUCA DEL ROSARIO,ICA,8349849,SUR CHICO,Promed,450,110114
6489,YAULI ( RESTO PROV. ),JUNIN,8350053,SIERRA CENTRAL,Promed,695,090117
4220,YAUYOS,SUR CHICO-LIMA,8350056,SUR CHICO,Promed,751,151001
5635,YUNGUYO,PUNO,8349573,SUR GRANDE SIERRA ORIENTE - APU CUS PUNO MD,Promed,93,211301
5227,YURA,AREQUIPA,8350717,SUR GRANDE COSTA - AREQUIPA MOQ TACNA,Promed,111,040128
7160,YURIMAGUAS,LORETO,8350704,SELVA,Promed,389,160201
1220,ZARUMILLA,TUMBES,8351419,NORTE GRANDE A - TUMBES Y PIURA,Promed,1816,240301